originals	paraphrase_1	paraphrase_2	paraphrase_3	paraphrase_4
Predicting the tertiary structure of proteins from primary amino acid sequences remains a grand challenge in computational biology.	The grand challenge of computational biology continues to be the prediction of protein tertiary structure based on primary amino acid sequences.	In computational biology, forecasting how proteins fold into their tertiary structure using only primary amino acid sequences represents a major unsolved problem.	Computational biology faces one of its greatest challenges in determining protein tertiary structure from primary amino acid sequence information alone.	The ability to predict tertiary structure in proteins using primary amino acid sequences as input continues to pose a significant challenge within computational biology.
We introduce **SyntheGene**, a cross-modal transformer architecture that integrates genomic evolutionary data with physicochemical constraints.				
By leveraging a multi-head attention mechanism optimized for long-range residue interactions, SyntheGene achieves a Global Distance Test (GDT) score of 88.4.				
"Our findings suggest that latent representations of protein ""grammar"" can bypass the need for traditional template-based modeling."				
The biological function of a protein is intrinsically linked to its spatial fold.	A protein's spatial fold is intrinsically connected to its biological function.	How a protein folds in space directly determines its biological role.	There exists an intrinsic relationship between a protein's folded configuration and its functional purpose.	Intrinsically, the spatial architecture of a protein dictates its biological function.
Traditional methods, such as Cryo-EM and X-ray crystallography, are resource-intensive and slow.				
"The advent of deep learning has accelerated structure prediction, yet existing models struggle with ""orphan"" proteins that lack homologous sequences."	"While deep learning has sped up the process of structure prediction, current models face difficulties when dealing with ""orphan"" proteins lacking homologous sequences."	"Deep learning's emergence has enhanced the speed of structure prediction, but present models encounter challenges with ""orphan"" proteins that possess no homologous sequences."	"Structure prediction has been accelerated through deep learning developments, though ""orphan"" proteins without homologous sequences remain problematic for existing models."	"Although deep learning advances have quickened structure prediction, ""orphan"" proteins deficient in homologous sequences continue to challenge current models."
This paper explores how self-supervised pre-training on large-scale proteomic databases can fill these gaps.				
The SyntheGene pipeline consists of a sequential encoder paired with a spatial refiner.	A sequential encoder combined with a spatial refiner forms the SyntheGene pipeline.	The SyntheGene pipeline is composed of two components: a sequential encoder and a spatial refiner working together.	Within the SyntheGene pipeline, a sequential encoder operates alongside a spatial refiner.	Two key elements make up the SyntheGene pipeline: a sequential encoder that works in conjunction with a spatial refiner.
To quantify the affinity between non-adjacent residues, we define the Interaction Potential (MATH_BLOCK) between residues MATH_BLOCK and MATH_BLOCK as:				
MATH_BLOCK				
Where MATH_BLOCK represents the Euclidean distance in the predicted 3D manifold.	The Euclidean distance in the predicted 3D manifold is represented by MATH_BLOCK.	MATH_BLOCK denotes the Euclidean distance found in the predicted 3D manifold.	In the predicted 3D manifold, MATH_BLOCK corresponds to the Euclidean distance.	The predicted 3D manifold's Euclidean distance is expressed as MATH_BLOCK.
This penalty function discourages physically impossible overlaps while favoring high-attention couplings.	While promoting high-attention couplings, this penalty function prevents physically impossible overlaps.	High-attention couplings are favored by this penalty function, which simultaneously discourages physically impossible overlaps.	This penalty function works to favor high-attention couplings and discourage physically impossible overlaps.	By discouraging physically impossible overlaps, this penalty function promotes high-attention couplings.
Validation was performed using the CASP15 dataset.	The CASP15 dataset was used to perform validation.	Using the CASP15 dataset, validation was carried out.	We conducted validation with the CASP15 dataset.	The CASP15 dataset served as the basis for validation.
Unlike traditional LLMs, SyntheGene was evaluated on its ability to maintain stereochemical validity.	SyntheGene's evaluation focused on maintaining stereochemical validity, which differs from traditional LLMs.	The evaluation of SyntheGene centered on its capacity to preserve stereochemical validity, setting it apart from conventional LLMs.	While traditional LLMs undergo different assessments, SyntheGene was specifically tested for its ability to uphold stereochemical validity.	SyntheGene underwent evaluation based on stereochemical validity maintenance, contrasting with the assessment approaches used for traditional LLMs.
"| Metric | Result |
| :--- | :--- |
| **Root Mean Square Deviation (RMSD)** | 2.1 Å |
| **Inference Throughput** | 450 residues/sec |
| **GDT-TS Score** | 88.4 |"				
The model successfully folded 14 novel sequences previously unclassified in the Protein Data Bank (PDB), confirming the efficacy of our spatial refiner.	Our spatial refiner's efficacy was confirmed when the model successfully folded 14 novel sequences that had been previously unclassified in the Protein Data Bank (PDB).	Successfully folding 14 novel sequences that were previously unclassified in the Protein Data Bank (PDB), the model demonstrated the efficacy of our spatial refiner.	The efficacy of our spatial refiner was validated by the model's successful folding of 14 novel sequences, all of which had remained previously unclassified in the Protein Data Bank (PDB).	Fourteen novel sequences previously unclassified in the Protein Data Bank (PDB) were successfully folded by the model, thereby confirming our spatial refiner's efficacy.
"SyntheGene demonstrates that Transformer-based architectures are uniquely suited for the ""language"" of proteomics."				
Our results pave the way for rapid, in-silico drug discovery and enzyme engineering.				
Subsequent iterations will investigate the impact of stochastic noise on folding stability.	Future iterations will examine how stochastic noise affects folding stability.	The influence of stochastic noise on folding stability will be explored in later iterations.	Following iterations are planned to study the effects of stochastic noise on folding stability.	In upcoming iterations, researchers will analyze how stochastic noise impacts folding stability.
